Date,High,Low,Open,Close,Volume,Adj Close,Name
2019-02-25,23.389999389648438,22.709999084472656,22.940000534057617,22.719999313354492,5269700.0,22.2111759185791,NBL
2019-02-26,22.889999389648438,22.079999923706055,22.670000076293945,22.110000610351562,7552800.0,21.614837646484375,NBL
2019-02-27,22.65999984741211,21.760000228881836,22.290000915527344,22.479999542236328,8418600.0,21.976551055908203,NBL
2019-02-28,22.600000381469727,21.780000686645508,22.579999923706055,22.149999618530273,7986700.0,21.653942108154297,NBL
2019-03-01,22.829999923706055,22.15999984741211,22.25,22.829999923706055,7432900.0,22.318714141845703,NBL
2019-03-04,23.649999618530273,23.0,23.0,23.6299991607666,8705500.0,23.10079574584961,NBL
2019-03-05,23.850000381469727,23.299999237060547,23.770000457763672,23.579999923706055,5817100.0,23.051918029785156,NBL
2019-03-06,23.6200008392334,22.93000030517578,23.3700008392334,23.0,7621700.0,22.484905242919922,NBL
2019-03-07,22.989999771118164,22.40999984741211,22.950000762939453,22.639999389648438,4816600.0,22.132966995239258,NBL
2019-03-08,22.15999984741211,21.31999969482422,22.1200008392334,21.420000076293945,7056600.0,20.940292358398438,NBL
2019-03-11,22.079999923706055,21.40999984741211,21.530000686645508,22.040000915527344,4750900.0,21.546405792236328,NBL
2019-03-12,22.59000015258789,21.950000762939453,22.200000762939453,22.440000534057617,4379500.0,21.93744659423828,NBL
2019-03-13,22.760000228881836,21.899999618530273,22.56999969482422,22.469999313354492,5168100.0,21.96677589416504,NBL
2019-03-14,22.809999465942383,22.31999969482422,22.479999542236328,22.690000534057617,5174600.0,22.181848526000977,NBL
2019-03-15,23.229999542236328,22.450000762939453,22.459999084472656,23.100000381469727,7739200.0,22.582666397094727,NBL
2019-03-18,23.899999618530273,23.239999771118164,23.239999771118164,23.799999237060547,4334300.0,23.26698875427246,NBL
2019-03-19,24.600000381469727,23.850000381469727,24.540000915527344,24.0,6786200.0,23.46251106262207,NBL
2019-03-20,25.170000076293945,23.799999237060547,23.979999542236328,24.8700008392334,7169100.0,24.313026428222656,NBL
2019-03-21,25.049999237060547,24.469999313354492,24.719999313354492,24.940000534057617,4102900.0,24.38145637512207,NBL
2019-03-22,24.760000228881836,23.510000228881836,24.65999984741211,23.969999313354492,6234600.0,23.433181762695312,NBL
2019-03-25,24.479999542236328,23.6299991607666,23.920000076293945,24.440000534057617,4802800.0,23.892656326293945,NBL
2019-03-26,25.34000015258789,24.850000381469727,24.8700008392334,25.079999923706055,3963500.0,24.51832389831543,NBL
2019-03-27,25.200000762939453,24.469999313354492,24.989999771118164,24.649999618530273,4503800.0,24.09795379638672,NBL
2019-03-28,25.0,24.260000228881836,24.3799991607666,24.889999389648438,3111800.0,24.332576751708984,NBL
2019-03-29,25.549999237060547,24.670000076293945,25.229999542236328,24.729999542236328,3849300.0,24.17616081237793,NBL
2019-04-01,25.81999969482422,25.010000228881836,25.010000228881836,25.68000030517578,5644800.0,25.10488510131836,NBL
2019-04-02,25.950000762939453,25.510000228881836,25.799999237060547,25.520000457763672,5216100.0,24.948471069335938,NBL
2019-04-03,25.719999313354492,24.649999618530273,25.649999618530273,25.0,4849200.0,24.440114974975586,NBL
2019-04-04,25.190000534057617,24.639999389648438,25.06999969482422,24.8700008392334,4088300.0,24.313026428222656,NBL
2019-04-05,25.809999465942383,24.969999313354492,24.969999313354492,25.729999542236328,5460000.0,25.153766632080078,NBL
2019-04-08,26.010000228881836,25.31999969482422,25.760000228881836,25.469999313354492,5591500.0,24.89958953857422,NBL
2019-04-09,25.420000076293945,24.43000030517578,25.309999465942383,24.5,5879600.0,23.951313018798828,NBL
2019-04-10,25.31999969482422,24.610000610351562,24.739999771118164,25.229999542236328,5371100.0,24.664960861206055,NBL
2019-04-11,25.530000686645508,24.809999465942383,25.040000915527344,25.1299991607666,4067100.0,24.567203521728516,NBL
2019-04-12,27.649999618530273,26.579999923706055,27.0,26.8700008392334,12459700.0,26.26823616027832,NBL
2019-04-15,27.110000610351562,26.3700008392334,26.540000915527344,26.459999084472656,6552900.0,25.867416381835938,NBL
2019-04-16,27.100000381469727,26.350000381469727,26.559999465942383,27.100000381469727,5860200.0,26.493083953857422,NBL
2019-04-17,27.84000015258789,27.1200008392334,27.3799991607666,27.209999084472656,7224900.0,26.60062026977539,NBL
2019-04-18,27.420000076293945,26.790000915527344,27.270000457763672,27.110000610351562,5323700.0,26.50286102294922,NBL
2019-04-22,28.059999465942383,27.219999313354492,27.549999237060547,27.8799991607666,4638700.0,27.255617141723633,NBL
2019-04-23,28.299999237060547,27.530000686645508,27.950000762939453,27.860000610351562,4577400.0,27.236064910888672,NBL
2019-04-24,28.399999618530273,27.579999923706055,28.010000228881836,27.579999923706055,5886400.0,26.96233558654785,NBL
2019-04-25,27.65999984741211,26.68000030517578,27.540000915527344,27.25,7937000.0,26.639726638793945,NBL
2019-04-26,27.559999465942383,26.780000686645508,26.899999618530273,27.079999923706055,7858400.0,26.47353172302246,NBL
2019-04-29,27.670000076293945,27.079999923706055,27.079999923706055,27.420000076293945,5910800.0,26.805917739868164,NBL
2019-04-30,27.860000610351562,27.030000686645508,27.809999465942383,27.059999465942383,5164200.0,26.453981399536133,NBL
2019-05-01,27.239999771118164,26.010000228881836,27.100000381469727,26.020000457763672,6151600.0,25.437273025512695,NBL
2019-05-02,26.09000015258789,25.329999923706055,25.579999923706055,25.479999542236328,7029400.0,24.909364700317383,NBL
2019-05-03,25.799999237060547,24.760000228881836,25.3799991607666,24.93000030517578,9871500.0,24.48700523376465,NBL
2019-05-06,24.860000610351562,24.15999984741211,24.540000915527344,24.770000457763672,8079600.0,24.329851150512695,NBL
2019-05-07,24.600000381469727,23.860000610351562,24.450000762939453,24.280000686645508,7783500.0,23.848556518554688,NBL
2019-05-08,24.81999969482422,24.18000030517578,24.209999084472656,24.549999237060547,3856100.0,24.113758087158203,NBL
2019-05-09,24.530000686645508,23.690000534057617,24.219999313354492,24.34000015258789,5381600.0,23.907489776611328,NBL
2019-05-10,24.329999923706055,23.56999969482422,24.270000457763672,24.110000610351562,4876100.0,23.681577682495117,NBL
2019-05-13,23.950000762939453,23.239999771118164,23.799999237060547,23.489999771118164,4167300.0,23.072595596313477,NBL
2019-05-14,24.350000381469727,23.520000457763672,23.520000457763672,24.06999969482422,3668500.0,23.642288208007812,NBL
2019-05-15,24.260000228881836,23.610000610351562,23.690000534057617,24.15999984741211,4059200.0,23.730688095092773,NBL
2019-05-16,24.549999237060547,24.270000457763672,24.299999237060547,24.5,3919100.0,24.064647674560547,NBL
2019-05-17,24.34000015258789,23.770000457763672,24.260000228881836,23.850000381469727,2846100.0,23.426198959350586,NBL
2019-05-20,24.139999389648438,23.75,23.81999969482422,24.030000686645508,4636200.0,23.60300064086914,NBL
2019-05-21,24.649999618530273,24.079999923706055,24.09000015258789,24.270000457763672,3485000.0,23.838733673095703,NBL
2019-05-22,24.040000915527344,23.3799991607666,23.989999771118164,23.389999389648438,3491000.0,22.97437286376953,NBL
2019-05-23,22.8799991607666,21.610000610351562,22.860000610351562,21.770000457763672,6963800.0,21.38315773010254,NBL
2019-05-24,22.299999237060547,21.579999923706055,21.989999771118164,21.700000762939453,4867900.0,21.314403533935547,NBL
2019-05-28,22.049999237060547,21.639999389648438,21.829999923706055,21.68000030517578,5000900.0,21.29475975036621,NBL
2019-05-29,21.889999389648438,21.209999084472656,21.34000015258789,21.84000015258789,5059100.0,21.451913833618164,NBL
2019-05-30,22.059999465942383,21.530000686645508,21.780000686645508,21.719999313354492,4704900.0,21.33404541015625,NBL
2019-05-31,21.700000762939453,21.09000015258789,21.209999084472656,21.399999618530273,6176600.0,21.019733428955078,NBL
2019-06-03,21.770000457763672,21.31999969482422,21.559999465942383,21.510000228881836,4780200.0,21.127779006958008,NBL
2019-06-04,21.90999984741211,21.34000015258789,21.860000610351562,21.510000228881836,5270400.0,21.127779006958008,NBL
2019-06-05,21.549999237060547,20.5,21.540000915527344,20.780000686645508,4511200.0,20.410749435424805,NBL
2019-06-06,21.170000076293945,20.600000381469727,20.899999618530273,20.729999542236328,8959400.0,20.36163902282715,NBL
2019-06-07,20.950000762939453,20.290000915527344,20.65999984741211,20.690000534057617,8020900.0,20.322349548339844,NBL
2019-06-10,21.3700008392334,20.739999771118164,20.739999771118164,21.040000915527344,5234300.0,20.6661319732666,NBL
2019-06-11,21.520000457763672,21.15999984741211,21.280000686645508,21.290000915527344,7456900.0,20.91168975830078,NBL
2019-06-12,21.030000686645508,20.299999237060547,21.030000686645508,20.360000610351562,5551700.0,19.998214721679688,NBL
2019-06-13,20.790000915527344,20.510000228881836,20.65999984741211,20.770000457763672,3937600.0,20.400930404663086,NBL
2019-06-14,20.8700008392334,19.68000030517578,20.690000534057617,19.729999542236328,5833100.0,19.379405975341797,NBL
2019-06-17,20.299999237060547,19.479999542236328,19.530000686645508,20.219999313354492,5005500.0,19.860698699951172,NBL
2019-06-18,20.760000228881836,20.229999542236328,20.25,20.350000381469727,7319200.0,19.988391876220703,NBL
2019-06-19,20.719999313354492,20.139999389648438,20.360000610351562,20.489999771118164,7054200.0,20.12590217590332,NBL
2019-06-20,21.81999969482422,21.059999465942383,21.06999969482422,21.75,8835000.0,21.363515853881836,NBL
2019-06-21,22.030000686645508,21.540000915527344,21.81999969482422,21.559999465942383,6055600.0,21.176889419555664,NBL
2019-06-24,21.690000534057617,21.170000076293945,21.510000228881836,21.260000228881836,4833000.0,20.882221221923828,NBL
2019-06-25,21.399999618530273,20.93000030517578,21.049999237060547,21.190000534057617,3911400.0,20.813465118408203,NBL
2019-06-26,22.239999771118164,21.420000076293945,21.549999237060547,21.770000457763672,6019400.0,21.38315773010254,NBL
2019-06-27,22.209999084472656,21.770000457763672,21.770000457763672,21.81999969482422,4845700.0,21.432270050048828,NBL
2019-06-28,22.40999984741211,21.8799991607666,21.8799991607666,22.399999618530273,6287800.0,22.001964569091797,NBL
2019-07-01,23.1299991607666,22.31999969482422,23.0,22.489999771118164,4932800.0,22.090362548828125,NBL
2019-07-02,22.479999542236328,21.6299991607666,22.479999542236328,21.799999237060547,4652600.0,21.41262435913086,NBL
2019-07-03,22.110000610351562,21.729999542236328,21.979999542236328,22.100000381469727,1799700.0,21.70729637145996,NBL
2019-07-05,22.1299991607666,21.59000015258789,21.950000762939453,21.920000076293945,2967000.0,21.530494689941406,NBL
2019-07-08,22.0,21.31999969482422,21.709999084472656,21.34000015258789,4805200.0,20.960800170898438,NBL
2019-07-09,21.600000381469727,21.06999969482422,21.309999465942383,21.510000228881836,4027600.0,21.127779006958008,NBL
2019-07-10,22.459999084472656,21.639999389648438,21.639999389648438,22.31999969482422,4523000.0,21.923383712768555,NBL
2019-07-11,22.459999084472656,21.940000534057617,22.399999618530273,22.280000686645508,4344800.0,21.884096145629883,NBL
2019-07-12,22.950000762939453,22.260000228881836,22.350000381469727,22.739999771118164,4832100.0,22.335922241210938,NBL
2019-07-15,22.8799991607666,21.610000610351562,22.719999313354492,21.75,6815000.0,21.363515853881836,NBL
2019-07-16,21.850000381469727,20.950000762939453,21.780000686645508,21.100000381469727,4540800.0,20.72506332397461,NBL
2019-07-17,21.200000762939453,20.549999237060547,21.09000015258789,20.56999969482422,3729000.0,20.20448112487793,NBL
2019-07-18,20.8700008392334,20.3700008392334,20.399999618530273,20.84000015258789,5624400.0,20.469684600830078,NBL
2019-07-19,21.260000228881836,20.690000534057617,20.8799991607666,21.190000534057617,2680800.0,20.813465118408203,NBL
2019-07-22,21.420000076293945,20.549999237060547,21.260000228881836,20.889999389648438,5029600.0,20.5187931060791,NBL
2019-07-23,21.219999313354492,20.700000762939453,20.899999618530273,21.190000534057617,3487900.0,20.813465118408203,NBL
2019-07-24,21.809999465942383,21.149999618530273,21.219999313354492,21.5,4173900.0,21.117956161499023,NBL
2019-07-25,22.030000686645508,20.90999984741211,21.8700008392334,20.979999542236328,3440600.0,20.607196807861328,NBL
2019-07-26,21.209999084472656,20.610000610351562,20.940000534057617,20.75,4088100.0,20.381282806396484,NBL
2019-07-29,20.920000076293945,20.329999923706055,20.709999084472656,20.8700008392334,4544200.0,20.49915313720703,NBL
2019-07-30,22.290000915527344,20.719999313354492,20.770000457763672,22.100000381469727,4959200.0,21.70729637145996,NBL
2019-07-31,22.56999969482422,21.709999084472656,21.979999542236328,22.079999923706055,5122200.0,21.68764877319336,NBL
2019-08-01,21.709999084472656,20.389999389648438,21.709999084472656,20.489999771118164,10966600.0,20.12590217590332,NBL
2019-08-02,23.31999969482422,21.450000762939453,22.5,21.8799991607666,12090200.0,21.617809295654297,NBL
2019-08-05,22.309999465942383,21.09000015258789,21.280000686645508,21.549999237060547,10893600.0,21.29176139831543,NBL
2019-08-06,22.040000915527344,20.8700008392334,21.8700008392334,21.399999618530273,5874100.0,21.1435604095459,NBL
2019-08-07,21.75,20.6299991607666,20.790000915527344,21.559999465942383,6082000.0,21.30164337158203,NBL
2019-08-08,22.260000228881836,21.40999984741211,21.799999237060547,22.239999771118164,5710200.0,21.973493576049805,NBL
2019-08-09,22.579999923706055,22.100000381469727,22.3799991607666,22.15999984741211,5018800.0,21.894453048706055,NBL
2019-08-12,22.18000030517578,21.690000534057617,22.0,22.020000457763672,3693700.0,21.756132125854492,NBL
2019-08-13,23.1299991607666,21.739999771118164,21.809999465942383,22.299999237060547,5368400.0,22.03277587890625,NBL
2019-08-14,21.84000015258789,21.0,21.690000534057617,21.1200008392334,6337600.0,20.86691665649414,NBL
2019-08-15,21.299999237060547,20.799999237060547,20.950000762939453,21.219999313354492,3592200.0,20.965717315673828,NBL
2019-08-16,21.639999389648438,21.170000076293945,21.389999389648438,21.510000228881836,4221500.0,21.252241134643555,NBL
2019-08-19,22.5,21.719999313354492,21.760000228881836,22.459999084472656,4887800.0,22.19085693359375,NBL
2019-08-20,22.40999984741211,21.969999313354492,22.34000015258789,22.25,2748200.0,21.983375549316406,NBL
2019-08-21,22.8700008392334,22.079999923706055,22.649999618530273,22.219999313354492,2884500.0,21.953733444213867,NBL
2019-08-22,22.959999084472656,22.280000686645508,22.770000457763672,22.309999465942383,5408200.0,22.04265594482422,NBL
2019-08-23,22.280000686645508,21.5,22.200000762939453,21.600000381469727,6221200.0,21.341163635253906,NBL
2019-08-26,22.110000610351562,21.559999465942383,21.829999923706055,21.700000762939453,4107800.0,21.439966201782227,NBL
2019-08-27,21.969999313354492,21.329999923706055,21.889999389648438,21.510000228881836,4951200.0,21.252241134643555,NBL
2019-08-28,22.3700008392334,21.450000762939453,21.690000534057617,22.209999084472656,3545100.0,21.9438533782959,NBL
2019-08-29,22.959999084472656,22.280000686645508,22.420000076293945,22.780000686645508,4397300.0,22.50702476501465,NBL
2019-08-30,22.969999313354492,22.31999969482422,22.829999923706055,22.579999923706055,4253200.0,22.309419631958008,NBL
2019-09-03,22.350000381469727,21.549999237060547,22.110000610351562,22.309999465942383,4865700.0,22.04265594482422,NBL
2019-09-04,22.75,22.329999923706055,22.649999618530273,22.520000457763672,3982600.0,22.250139236450195,NBL
2019-09-05,22.8700008392334,22.350000381469727,22.690000534057617,22.68000030517578,6980500.0,22.40822410583496,NBL
2019-09-06,22.739999771118164,21.770000457763672,22.190000534057617,22.709999084472656,3971700.0,22.437862396240234,NBL
2019-09-09,24.049999237060547,23.0,23.0,23.760000228881836,7614400.0,23.47528076171875,NBL
2019-09-10,24.670000076293945,23.850000381469727,23.850000381469727,24.209999084472656,4938500.0,23.91988754272461,NBL
2019-09-11,25.100000381469727,24.049999237060547,24.420000076293945,24.68000030517578,5973400.0,24.38425636291504,NBL
2019-09-12,24.850000381469727,23.43000030517578,24.190000534057617,24.639999389648438,4628900.0,24.34473419189453,NBL
2019-09-13,25.290000915527344,24.450000762939453,24.940000534057617,25.040000915527344,3575700.0,24.73994255065918,NBL
2019-09-16,27.309999465942383,23.950000762939453,27.010000228881836,25.229999542236328,21368900.0,24.92766571044922,NBL
2019-09-17,25.639999389648438,24.420000076293945,25.1200008392334,25.09000015258789,8203300.0,24.789342880249023,NBL
2019-09-18,24.899999618530273,24.020000457763672,24.700000762939453,24.239999771118164,4644000.0,23.949527740478516,NBL
2019-09-19,24.65999984741211,23.139999389648438,24.530000686645508,23.299999237060547,7673600.0,23.02079200744629,NBL
2019-09-20,23.6299991607666,23.040000915527344,23.420000076293945,23.149999618530273,7699400.0,22.872589111328125,NBL
2019-09-23,23.56999969482422,22.729999542236328,22.950000762939453,23.440000534057617,4265200.0,23.159114837646484,NBL
2019-09-24,23.43000030517578,22.579999923706055,23.329999923706055,22.670000076293945,4873300.0,22.39834213256836,NBL
2019-09-25,23.1299991607666,22.329999923706055,22.329999923706055,22.989999771118164,5745700.0,22.714508056640625,NBL
2019-09-26,22.90999984741211,22.299999237060547,22.729999542236328,22.690000534057617,3854200.0,22.418102264404297,NBL
2019-09-27,22.969999313354492,22.170000076293945,22.329999923706055,22.459999084472656,4483000.0,22.19085693359375,NBL
2019-09-30,22.6299991607666,22.139999389648438,22.309999465942383,22.459999084472656,4179700.0,22.19085693359375,NBL
2019-10-01,22.809999465942383,21.350000381469727,22.649999618530273,21.399999618530273,6335900.0,21.1435604095459,NBL
2019-10-02,21.59000015258789,20.610000610351562,21.43000030517578,20.6200008392334,8898500.0,20.372909545898438,NBL
2019-10-03,20.950000762939453,20.139999389648438,20.229999542236328,20.920000076293945,5157000.0,20.6693115234375,NBL
2019-10-04,20.950000762939453,20.290000915527344,20.790000915527344,20.59000015258789,4414800.0,20.3432674407959,NBL
2019-10-07,20.649999618530273,19.690000534057617,20.600000381469727,19.719999313354492,8418300.0,19.483692169189453,NBL
2019-10-08,20.040000915527344,19.459999084472656,19.59000015258789,19.459999084472656,11748300.0,19.226806640625,NBL
2019-10-09,19.75,19.1200008392334,19.649999618530273,19.450000762939453,5687100.0,19.216928482055664,NBL
2019-10-10,20.149999618530273,19.420000076293945,19.540000915527344,20.1200008392334,7486800.0,19.8789005279541,NBL
2019-10-11,20.829999923706055,20.139999389648438,20.440000534057617,20.579999923706055,5443500.0,20.33338737487793,NBL
2019-10-14,20.56999969482422,19.84000015258789,20.190000534057617,20.440000534057617,4581400.0,20.195064544677734,NBL
2019-10-15,21.219999313354492,20.34000015258789,20.450000762939453,20.920000076293945,6241000.0,20.6693115234375,NBL
2019-10-16,20.989999771118164,20.299999237060547,20.8700008392334,20.299999237060547,4318000.0,20.05674171447754,NBL
2019-10-17,20.360000610351562,19.489999771118164,20.360000610351562,19.610000610351562,7637400.0,19.375011444091797,NBL
2019-10-18,20.079999923706055,19.059999465942383,19.559999465942383,19.059999465942383,7447400.0,18.831600189208984,NBL
2019-10-21,19.75,19.030000686645508,19.059999465942383,19.600000381469727,3746100.0,19.365129470825195,NBL
2019-10-22,20.450000762939453,19.510000228881836,19.56999969482422,20.219999313354492,3900500.0,19.97770118713379,NBL
2019-10-23,20.68000030517578,19.84000015258789,20.219999313354492,20.510000228881836,3471300.0,20.264225006103516,NBL
2019-10-24,20.770000457763672,20.219999313354492,20.65999984741211,20.360000610351562,3215700.0,20.116024017333984,NBL
2019-10-25,20.739999771118164,20.040000915527344,20.360000610351562,20.6200008392334,3654700.0,20.372909545898438,NBL
2019-10-28,20.959999084472656,20.100000381469727,20.690000534057617,20.209999084472656,3404200.0,19.967819213867188,NBL
2019-10-29,20.59000015258789,19.790000915527344,19.989999771118164,20.3799991607666,3941700.0,20.13578224182129,NBL
2019-10-30,20.510000228881836,19.34000015258789,20.389999389648438,19.40999984741211,5867000.0,19.177406311035156,NBL
2019-10-31,19.559999465942383,19.010000228881836,19.309999465942383,19.260000228881836,5849200.0,19.029205322265625,NBL
2019-11-01,20.09000015258789,19.290000915527344,19.350000381469727,20.020000457763672,4867400.0,19.904111862182617,NBL
2019-11-04,21.34000015258789,20.34000015258789,20.3799991607666,21.31999969482422,6876600.0,21.196584701538086,NBL
2019-11-05,21.889999389648438,21.43000030517578,21.5,21.670000076293945,6612600.0,21.544559478759766,NBL
2019-11-06,21.75,20.6299991607666,21.510000228881836,20.899999618530273,7614900.0,20.779016494750977,NBL
2019-11-07,21.729999542236328,20.219999313354492,21.219999313354492,20.559999465942383,10911200.0,20.44098472595215,NBL
2019-11-08,21.5,20.100000381469727,20.329999923706055,21.43000030517578,8196500.0,21.30594825744629,NBL
2019-11-11,21.420000076293945,20.780000686645508,21.06999969482422,21.31999969482422,4117500.0,21.196584701538086,NBL
2019-11-12,21.670000076293945,21.06999969482422,21.360000610351562,21.25,5408600.0,21.126991271972656,NBL
2019-11-13,21.270000457763672,20.770000457763672,21.100000381469727,21.06999969482422,4344100.0,20.94803237915039,NBL
2019-11-14,21.889999389648438,21.110000610351562,21.219999313354492,21.510000228881836,7156400.0,21.38548469543457,NBL
2019-11-15,21.68000030517578,20.75,21.610000610351562,20.8799991607666,10653500.0,20.759132385253906,NBL
2019-11-18,20.700000762939453,19.850000381469727,20.600000381469727,19.920000076293945,5816300.0,19.804689407348633,NBL
2019-11-19,19.770000457763672,19.15999984741211,19.760000228881836,19.489999771118164,5399300.0,19.377178192138672,NBL
2019-11-20,20.450000762939453,19.450000762939453,19.469999313354492,20.079999923706055,5973200.0,19.963762283325195,NBL
2019-11-21,20.829999923706055,20.079999923706055,20.290000915527344,20.790000915527344,4618100.0,20.669654846191406,NBL
2019-11-22,21.280000686645508,20.709999084472656,20.860000610351562,21.139999389648438,4521600.0,21.01762580871582,NBL
2019-11-25,21.43000030517578,20.899999618530273,21.059999465942383,21.139999389648438,5048300.0,21.01762580871582,NBL
2019-11-26,21.209999084472656,20.729999542236328,21.18000030517578,20.790000915527344,5263200.0,20.669654846191406,NBL
2019-11-27,21.239999771118164,20.690000534057617,20.84000015258789,21.229999542236328,2953600.0,21.107105255126953,NBL
2019-11-29,21.06999969482422,20.6200008392334,20.940000534057617,20.760000228881836,1690000.0,20.639827728271484,NBL
2019-12-02,21.06999969482422,20.510000228881836,21.040000915527344,20.579999923706055,4021700.0,20.46086883544922,NBL
2019-12-03,20.440000534057617,19.899999618530273,20.200000762939453,20.139999389648438,4610200.0,20.023414611816406,NBL
2019-12-04,21.34000015258789,20.399999618530273,20.600000381469727,20.90999984741211,6842700.0,20.788957595825195,NBL
2019-12-05,21.34000015258789,20.8799991607666,21.270000457763672,20.979999542236328,5419400.0,20.858552932739258,NBL
2019-12-06,21.93000030517578,20.959999084472656,21.100000381469727,21.860000610351562,4737700.0,21.73345947265625,NBL
2019-12-09,22.049999237060547,21.56999969482422,21.65999984741211,21.809999465942383,3129900.0,21.683748245239258,NBL
2019-12-10,21.90999984741211,21.510000228881836,21.860000610351562,21.790000915527344,3316900.0,21.66386604309082,NBL
2019-12-11,22.1299991607666,21.790000915527344,21.790000915527344,22.030000686645508,2426900.0,21.902475357055664,NBL
2019-12-12,23.040000915527344,22.010000228881836,22.059999465942383,22.940000534057617,3916700.0,22.807209014892578,NBL
2019-12-13,23.079999923706055,22.3799991607666,23.010000228881836,22.3799991607666,3858000.0,22.25044822692871,NBL
2019-12-16,23.020000457763672,22.559999465942383,22.559999465942383,22.760000228881836,3558300.0,22.628250122070312,NBL
2019-12-17,23.559999465942383,22.06999969482422,23.25,22.700000762939453,10651900.0,22.5685977935791,NBL
2019-12-18,23.31999969482422,22.440000534057617,22.489999771118164,23.049999237060547,4769600.0,22.91657066345215,NBL
2019-12-19,23.469999313354492,22.959999084472656,23.0,23.350000381469727,3359900.0,23.214834213256836,NBL
2019-12-20,23.65999984741211,23.260000228881836,23.56999969482422,23.649999618530273,6245500.0,23.513097763061523,NBL
2019-12-23,24.399999618530273,23.479999542236328,23.479999542236328,24.299999237060547,3815600.0,24.159334182739258,NBL
2019-12-24,24.729999542236328,24.280000686645508,24.399999618530273,24.610000610351562,2021500.0,24.467540740966797,NBL
2019-12-26,25.079999923706055,24.690000534057617,24.84000015258789,24.770000457763672,2981700.0,24.626615524291992,NBL
2019-12-27,25.0,24.600000381469727,24.8799991607666,24.6200008392334,2576800.0,24.47748374938965,NBL
2019-12-30,24.959999084472656,24.260000228881836,24.690000534057617,24.3799991607666,3499500.0,24.23887062072754,NBL
2019-12-31,24.90999984741211,24.18000030517578,24.280000686645508,24.84000015258789,2826900.0,24.696208953857422,NBL
2020-01-02,24.989999771118164,24.09000015258789,24.790000915527344,24.1299991607666,4836100.0,23.990318298339844,NBL
2020-01-03,24.40999984741211,23.6200008392334,23.93000030517578,23.709999084472656,9144300.0,23.572750091552734,NBL
2020-01-06,24.139999389648438,23.459999084472656,23.90999984741211,23.940000534057617,8108200.0,23.801420211791992,NBL
2020-01-07,23.760000228881836,23.219999313354492,23.65999984741211,23.260000228881836,6262600.0,23.125354766845703,NBL
2020-01-08,23.68000030517578,22.700000762939453,23.3799991607666,22.719999313354492,6566100.0,22.58847999572754,NBL
2020-01-09,22.790000915527344,22.110000610351562,22.6200008392334,22.440000534057617,6506300.0,22.310102462768555,NBL
2020-01-10,22.360000610351562,21.770000457763672,22.25,22.260000228881836,5657500.0,22.13114356994629,NBL
2020-01-13,22.610000610351562,22.030000686645508,22.25,22.260000228881836,3847100.0,22.13114356994629,NBL
2020-01-14,22.719999313354492,22.190000534057617,22.389999389648438,22.649999618530273,4204900.0,22.51888656616211,NBL
2020-01-15,23.0,22.389999389648438,22.510000228881836,22.760000228881836,3824100.0,22.628250122070312,NBL
2020-01-16,23.780000686645508,22.790000915527344,22.829999923706055,23.540000915527344,5657400.0,23.403736114501953,NBL
2020-01-17,23.65999984741211,23.260000228881836,23.610000610351562,23.43000030517578,3722300.0,23.294370651245117,NBL
2020-01-21,23.459999084472656,22.860000610351562,23.350000381469727,22.8799991607666,4906600.0,22.747554779052734,NBL
2020-01-22,22.719999313354492,22.059999465942383,22.649999618530273,22.309999465942383,4768900.0,22.18085479736328,NBL
2020-01-23,22.399999618530273,21.709999084472656,22.059999465942383,22.350000381469727,4285900.0,22.220623016357422,NBL
2020-01-24,22.09000015258789,21.31999969482422,22.09000015258789,21.670000076293945,3668100.0,21.544559478759766,NBL
2020-01-27,21.31999969482422,20.850000381469727,21.139999389648438,20.950000762939453,4273700.0,20.82872772216797,NBL
2020-01-28,21.190000534057617,20.860000610351562,21.190000534057617,20.959999084472656,4940700.0,20.838668823242188,NBL
2020-01-29,21.219999313354492,20.520000457763672,21.020000457763672,20.600000381469727,4569300.0,20.48075294494629,NBL
2020-01-30,20.549999237060547,19.899999618530273,20.31999969482422,20.299999237060547,6612500.0,20.1824893951416,NBL
2020-01-31,20.110000610351562,19.65999984741211,20.0,19.770000457763672,7392800.0,19.65555763244629,NBL
2020-02-03,19.959999084472656,19.510000228881836,19.81999969482422,19.729999542236328,4623000.0,19.61578941345215,NBL
2020-02-04,20.350000381469727,19.81999969482422,20.110000610351562,19.889999389648438,4739300.0,19.77486228942871,NBL
2020-02-05,21.389999389648438,20.34000015258789,20.420000076293945,21.309999465942383,5624300.0,21.186641693115234,NBL
2020-02-06,21.399999618530273,20.729999542236328,21.34000015258789,20.729999542236328,5537300.0,20.610000610351562,NBL
2020-02-07,20.520000457763672,20.0,20.350000381469727,20.049999237060547,5882800.0,20.049999237060547,NBL
2020-02-10,19.969999313354492,19.43000030517578,19.799999237060547,19.700000762939453,4501300.0,19.700000762939453,NBL
2020-02-11,20.31999969482422,19.8700008392334,20.06999969482422,19.899999618530273,7113600.0,19.899999618530273,NBL
2020-02-12,20.3700008392334,18.899999618530273,19.75,19.489999771118164,13653300.0,19.489999771118164,NBL
2020-02-13,20.18000030517578,19.309999465942383,19.579999923706055,19.600000381469727,10848000.0,19.600000381469727,NBL
2020-02-14,19.709999084472656,19.079999923706055,19.690000534057617,19.15999984741211,5937000.0,19.15999984741211,NBL
2020-02-18,19.110000610351562,18.520000457763672,18.950000762939453,18.969999313354492,6335300.0,18.969999313354492,NBL
2020-02-19,19.170000076293945,18.729999542236328,19.170000076293945,18.920000076293945,6102600.0,18.920000076293945,NBL
2020-02-20,19.1299991607666,18.520000457763672,19.09000015258789,18.549999237060547,6516600.0,18.549999237060547,NBL
2020-02-21,18.309999465942383,17.860000610351562,18.239999771118164,17.950000762939453,5281000.0,17.950000762939453,NBL
2020-02-24,17.299999237060547,16.469999313354492,17.209999084472656,16.469999313354492,7035300.0,16.469999313354492,NBL
